timestamp,water_level_m,temperature_c,pumping_rate_m3h,recharge_rate_m3h,well_id,injected_anomaly
2024-09-01 00:00:00,12.406538107631798,19.52529316754583,0.0,0.0,CZ-03,False
2024-09-01 01:00:00,12.407214031140064,19.506826478361408,0.0,0.0,CZ-03,False
2024-09-01 02:00:00,12.429115698152577,19.43841113735933,0.0,0.0,CZ-03,False
2024-09-01 03:00:00,12.436167206384917,19.53276651765126,0.0,0.0,CZ-03,False
2024-09-01 04:00:00,12.433285473516172,19.64793962691472,0.0,0.0,CZ-03,False
2024-09-01 05:00:00,12.441317398849332,19.50310484886155,0.0,0.0,CZ-03,False
2024-09-01 06:00:00,12.451949556192565,19.691813549834848,0.0,0.0,CZ-03,False
2024-09-01 07:00:00,12.452929490036917,19.83913556567389,0.0,0.0,CZ-03,False
2024-09-01 08:00:00,12.435846095428786,19.710801639105313,0.0,0.0,CZ-03,False
2024-09-01 09:00:00,12.461071061163892,19.705718085158786,0.0,0.0,CZ-03,False
2024-09-01 10:00:00,12.45325863510734,19.752820177155364,0.0,0.0,CZ-03,False
2024-09-01 11:00:00,12.462094654140538,19.80536641288454,0.0,0.0,CZ-03,False
2024-09-01 12:00:00,12.483130222490146,19.830348566498216,0.0,0.0,CZ-03,False
2024-09-01 13:00:00,12.474175061757824,19.760109077407748,0.0,0.0,CZ-03,False
2024-09-01 14:00:00,12.49192570683898,19.812610244556833,0.0,0.0,CZ-03,False
2024-09-01 15:00:00,12.48366045346967,19.981844042647374,0.0,0.0,CZ-03,False
2024-09-01 16:00:00,12.515318900839947,19.73782380771525,0.0,0.0,CZ-03,False
2024-09-01 17:00:00,12.512654955216583,19.994013244197067,0.0,0.0,CZ-03,False
2024-09-01 18:00:00,12.470668528826142,20.029131588973286,0.0,0.0,CZ-03,False
2024-09-01 19:00:00,12.517041042053547,20.17511494068948,0.0,0.0,CZ-03,False
2024-09-01 20:00:00,12.527059435273568,20.013051434608993,0.0,0.0,CZ-03,False
2024-09-01 21:00:00,12.518533558539003,20.07467916438187,0.0,0.0,CZ-03,False
2024-09-01 22:00:00,12.53248540242297,19.94605997549625,0.0,0.0,CZ-03,False
2024-09-01 23:00:00,12.531170249223676,20.04928085195068,0.0,0.0,CZ-03,False
2024-09-02 00:00:00,12.546289327881105,20.052920746040844,0.0,0.0,CZ-03,False
2024-09-02 01:00:00,12.517108565588039,20.156966078882032,0.0,0.0,CZ-03,False
2024-09-02 02:00:00,12.541910401604655,20.216424011681976,0.0,0.0,CZ-03,False
2024-09-02 03:00:00,12.523544127038765,20.251924415751944,0.0,0.0,CZ-03,False
2024-09-02 04:00:00,12.56962739164606,20.241277687131596,0.0,0.0,CZ-03,False
2024-09-02 05:00:00,12.562457021126773,20.17542930346444,0.0,0.0,CZ-03,False
2024-09-02 06:00:00,12.574427051403521,20.282063234290256,0.0,0.0,CZ-03,False
2024-09-02 07:00:00,12.558643142673324,20.245039757568883,0.0,0.0,CZ-03,False
2024-09-02 08:00:00,12.570324232333277,20.318992328798284,0.0,0.0,CZ-03,False
2024-09-02 09:00:00,12.560826627092629,20.491953299729072,0.0,0.0,CZ-03,False
2024-09-02 10:00:00,12.562026880763012,20.554638279742043,0.0,0.0,CZ-03,False
2024-09-02 11:00:00,12.572154906106551,20.526911098573986,0.0,0.0,CZ-03,False
2024-09-02 12:00:00,12.575590366366484,20.406259047214476,0.0,0.0,CZ-03,False
2024-09-02 13:00:00,12.570725764508367,20.3534517169736,0.0,0.0,CZ-03,False
2024-09-02 14:00:00,12.556013078020062,20.624850405584688,0.0,0.0,CZ-03,False
2024-09-02 15:00:00,12.581077132368403,20.392183958857242,0.0,0.0,CZ-03,False
2024-09-02 16:00:00,12.591755388499495,20.451778098369875,0.0,0.0,CZ-03,False
2024-09-02 17:00:00,12.5809812522221,20.541551267372657,0.0,0.0,CZ-03,False
2024-09-02 18:00:00,12.579756936499757,20.640160330553297,0.0,0.0,CZ-03,False
2024-09-02 19:00:00,12.60292398465572,20.52733467299327,0.0,0.0,CZ-03,False
2024-09-02 20:00:00,12.57943947331822,20.684422132628793,0.0,0.0,CZ-03,False
2024-09-02 21:00:00,12.583478757238005,20.656797888229796,0.0,0.0,CZ-03,False
2024-09-02 22:00:00,12.57140361965234,20.765881452775727,0.0,0.0,CZ-03,False
2024-09-02 23:00:00,12.57166369202523,20.664528201865757,0.0,0.0,CZ-03,False
2024-09-03 00:00:00,12.576382246582122,20.578873738582097,0.0,0.0,CZ-03,False
2024-09-03 01:00:00,12.56505299392178,20.682349965267832,0.0,0.0,CZ-03,False
2024-09-03 02:00:00,12.581842868378489,20.84507670188855,0.0,0.0,CZ-03,False
2024-09-03 03:00:00,12.584315575625247,20.826630938635734,0.0,0.0,CZ-03,False
2024-09-03 04:00:00,12.58562678516852,20.856175562505168,0.0,0.0,CZ-03,False
2024-09-03 05:00:00,12.572455054629227,20.888919633986664,0.0,0.0,CZ-03,False
2024-09-03 06:00:00,12.582374824334625,20.72606718120649,0.0,0.0,CZ-03,False
2024-09-03 07:00:00,12.549504804019282,21.03377092481589,0.0,0.0,CZ-03,False
2024-09-03 08:00:00,12.562948009684868,20.864166194987682,0.0,0.0,CZ-03,False
2024-09-03 09:00:00,12.546129234062358,20.88447927183205,0.0,0.0,CZ-03,False
2024-09-03 10:00:00,12.551905466933228,21.015262009824912,0.0,0.0,CZ-03,False
2024-09-03 11:00:00,12.570851513274844,21.024901728233413,0.0,0.0,CZ-03,False
2024-09-03 12:00:00,12.56655371815455,21.05774669629237,0.0,0.0,CZ-03,False
2024-09-03 13:00:00,12.567280844738265,20.985976219992956,0.0,0.0,CZ-03,False
2024-09-03 14:00:00,12.547211877707149,20.90488375562764,0.0,0.0,CZ-03,False
2024-09-03 15:00:00,12.531864061890944,20.972943215889956,0.0,0.0,CZ-03,False
2024-09-03 16:00:00,12.537806039618067,21.050640868270033,0.0,0.0,CZ-03,False
2024-09-03 17:00:00,12.52526380655996,21.082986398794834,0.0,0.0,CZ-03,False
2024-09-03 18:00:00,12.52806208639017,21.07976739194959,0.0,0.0,CZ-03,False
2024-09-03 19:00:00,12.528772313470025,21.138754600018213,0.0,0.0,CZ-03,False
2024-09-03 20:00:00,12.518063031994625,21.15365190823429,0.0,0.0,CZ-03,False
2024-09-03 21:00:00,12.519579859912868,21.06603917545716,0.0,0.0,CZ-03,False
2024-09-03 22:00:00,12.50252461193286,21.120199006302467,0.0,0.0,CZ-03,False
2024-09-03 23:00:00,12.496047526027386,21.1632788147081,0.0,0.0,CZ-03,False
2024-09-04 00:00:00,12.346264627458384,21.079927989692074,24.0,0.0,CZ-03,False
2024-09-04 01:00:00,12.330269112310024,21.15738898708243,24.0,0.0,CZ-03,False
2024-09-04 02:00:00,12.357003514251305,21.234728569582433,24.0,0.0,CZ-03,False
2024-09-04 03:00:00,12.325183146700146,21.31293619466763,24.0,0.0,CZ-03,False
2024-09-04 04:00:00,12.290787277075657,21.207374071243507,24.0,0.0,CZ-03,False
2024-09-04 05:00:00,12.322291427659202,21.34652089105326,24.0,0.0,CZ-03,False
2024-09-04 06:00:00,12.300409664053667,21.304016788615353,24.0,0.0,CZ-03,False
2024-09-04 07:00:00,12.296254152092484,21.383628151007358,24.0,0.0,CZ-03,False
2024-09-04 08:00:00,12.30754170472454,21.192798348910696,24.0,0.0,CZ-03,False
2024-09-04 09:00:00,12.301542566660064,21.162448292492726,24.0,0.0,CZ-03,False
2024-09-04 10:00:00,12.289433389197777,21.379838974985105,24.0,0.0,CZ-03,False
2024-09-04 11:00:00,12.273917650907139,21.37672652043096,24.0,0.0,CZ-03,False
2024-09-04 12:00:00,12.285736772326866,21.358138016212212,24.0,0.0,CZ-03,False
2024-09-04 13:00:00,12.25421328646459,21.352341911489443,24.0,0.0,CZ-03,False
2024-09-04 14:00:00,12.271910974192872,21.48465141215146,24.0,0.0,CZ-03,False
2024-09-04 15:00:00,12.253050777496581,21.399152162359634,24.0,0.0,CZ-03,False
2024-09-04 16:00:00,12.239712100559741,21.367313266683784,24.0,0.0,CZ-03,False
2024-09-04 17:00:00,12.230103985337681,21.46381241910518,24.0,0.0,CZ-03,False
2024-09-04 18:00:00,12.238332067963297,21.44652081090604,24.0,0.0,CZ-03,False
2024-09-04 19:00:00,12.212859370600205,21.41517992090719,24.0,0.0,CZ-03,False
2024-09-04 20:00:00,12.236584759234303,21.50411643583752,24.0,0.0,CZ-03,False
2024-09-04 21:00:00,12.192534378483844,21.35931195483191,24.0,0.0,CZ-03,False
2024-09-04 22:00:00,12.20101060841234,21.544265227663995,24.0,0.0,CZ-03,False
2024-09-04 23:00:00,12.2052946075499,21.588996652069692,24.0,0.0,CZ-03,False
2024-09-05 00:00:00,14.100670511149225,21.503676891660565,24.0,0.0,CZ-03,True
2024-09-05 01:00:00,12.171471963039771,21.55706974378751,24.0,0.0,CZ-03,False
2024-09-05 02:00:00,12.18375669653253,21.583735013894966,24.0,0.0,CZ-03,False
2024-09-05 03:00:00,12.175571618637395,21.676671188197552,24.0,0.0,CZ-03,False
2024-09-05 04:00:00,12.15826800021984,21.497005491412814,24.0,0.0,CZ-03,False
2024-09-05 05:00:00,12.16119018337421,21.586311387508463,24.0,0.0,CZ-03,False
2024-09-05 06:00:00,12.167707222650664,21.504866929742672,24.0,0.0,CZ-03,False
2024-09-05 07:00:00,12.149861528823706,21.54884224441848,24.0,0.0,CZ-03,False
2024-09-05 08:00:00,12.139881145362157,21.58156606074598,24.0,0.0,CZ-03,False
2024-09-05 09:00:00,12.152221916202658,21.59122747988147,24.0,0.0,CZ-03,False
2024-09-05 10:00:00,12.164287182861278,21.6940322535366,24.0,0.0,CZ-03,False
2024-09-05 11:00:00,12.155249576667213,21.686441939365146,24.0,0.0,CZ-03,False
2024-09-05 12:00:00,12.125413346257915,21.56665301579549,24.0,0.0,CZ-03,False
2024-09-05 13:00:00,12.11729832493106,21.69900636138004,24.0,0.0,CZ-03,False
2024-09-05 14:00:00,12.093869237998296,21.599258267464016,24.0,0.0,CZ-03,False
2024-09-05 15:00:00,12.095492972435704,21.611631165809897,24.0,0.0,CZ-03,False
2024-09-05 16:00:00,12.106348401417575,21.777991387016407,24.0,0.0,CZ-03,False
2024-09-05 17:00:00,12.098821017962942,21.573996092292607,24.0,0.0,CZ-03,False
2024-09-05 18:00:00,12.1006732504283,21.61085330795013,24.0,0.0,CZ-03,False
2024-09-05 19:00:00,12.098203693564999,21.62109380132021,24.0,0.0,CZ-03,False
2024-09-05 20:00:00,12.086318581054224,21.689725382751817,24.0,0.0,CZ-03,False
2024-09-05 21:00:00,12.076758091540366,21.73622304841098,24.0,0.0,CZ-03,False
2024-09-05 22:00:00,12.095493053601514,21.620887481607088,24.0,0.0,CZ-03,False
2024-09-05 23:00:00,12.10582220430598,21.638378811930938,24.0,0.0,CZ-03,False
2024-09-06 00:00:00,12.136947914050163,21.69275574110152,24.0,12.0,CZ-03,False
2024-09-06 01:00:00,12.1113468488161,21.739888054152885,24.0,12.0,CZ-03,False
2024-09-06 02:00:00,12.111035470997786,21.787444502361964,24.0,12.0,CZ-03,False
2024-09-06 03:00:00,12.108962116522958,21.63028336998398,24.0,12.0,CZ-03,False
2024-09-06 04:00:00,12.114112431432002,21.611699470816042,24.0,12.0,CZ-03,False
2024-09-06 05:00:00,12.126499502843847,21.628372918282277,24.0,12.0,CZ-03,False
2024-09-06 06:00:00,12.092224448509402,21.811965030731063,24.0,12.0,CZ-03,False
2024-09-06 07:00:00,12.10126590484053,21.520642485651585,24.0,12.0,CZ-03,False
2024-09-06 08:00:00,12.105111063853693,21.761873912068523,24.0,12.0,CZ-03,False
2024-09-06 09:00:00,12.098048535013161,21.799974081985795,24.0,12.0,CZ-03,False
2024-09-06 10:00:00,12.122434154055219,21.784708678199692,24.0,12.0,CZ-03,False
2024-09-06 11:00:00,12.108532327243969,21.75638350270063,24.0,12.0,CZ-03,False
2024-09-06 12:00:00,12.088929457029685,21.73086565372132,24.0,12.0,CZ-03,False
2024-09-06 13:00:00,12.132855804396987,21.823623454247635,24.0,12.0,CZ-03,False
2024-09-06 14:00:00,12.120490039450996,21.584933684239854,24.0,12.0,CZ-03,False
2024-09-06 15:00:00,12.100984320367438,21.59496939794925,24.0,12.0,CZ-03,False
2024-09-06 16:00:00,12.112936938710858,21.602293782482626,24.0,12.0,CZ-03,False
2024-09-06 17:00:00,12.096004250559954,21.610202007929768,24.0,12.0,CZ-03,False
2024-09-06 18:00:00,12.11997170347957,21.738473111188856,24.0,12.0,CZ-03,False
2024-09-06 19:00:00,12.123787889502465,21.63874679466008,24.0,12.0,CZ-03,False
2024-09-06 20:00:00,12.114441134862764,21.687574199756373,24.0,12.0,CZ-03,False
2024-09-06 21:00:00,12.113363651420702,21.62704397196965,24.0,12.0,CZ-03,False
2024-09-06 22:00:00,12.120583952650895,21.544520386136078,24.0,12.0,CZ-03,False
2024-09-06 23:00:00,12.132474758758084,21.608606412469683,24.0,12.0,CZ-03,False
2024-09-07 00:00:00,12.282241241287085,21.758981400930715,0.0,12.0,CZ-03,False
2024-09-07 01:00:00,12.265563063441823,21.707628555018832,0.0,12.0,CZ-03,False
2024-09-07 02:00:00,12.298838966241107,21.615145898566755,0.0,12.0,CZ-03,False
2024-09-07 03:00:00,12.303795910183727,21.659241768548913,0.0,12.0,CZ-03,False
2024-09-07 04:00:00,12.298640988503278,21.627202511239368,0.0,12.0,CZ-03,False
2024-09-07 05:00:00,12.284223301207811,21.676361775284004,0.0,12.0,CZ-03,False
2024-09-07 06:00:00,12.318011873055823,21.59767826567001,0.0,12.0,CZ-03,False
2024-09-07 07:00:00,12.29486648039088,21.61434155962923,0.0,12.0,CZ-03,False
2024-09-07 08:00:00,12.304833811386002,21.62551783914514,0.0,12.0,CZ-03,False
2024-09-07 09:00:00,12.320185570480483,21.702629278117392,0.0,12.0,CZ-03,False
2024-09-07 10:00:00,12.325785196120593,21.489032683601245,0.0,12.0,CZ-03,False
2024-09-07 11:00:00,12.31300709230789,21.49803231416034,0.0,12.0,CZ-03,False
2024-09-07 12:00:00,12.334297090107148,21.475495434867703,0.0,12.0,CZ-03,False
2024-09-07 13:00:00,12.343430847871288,21.650932244930015,0.0,12.0,CZ-03,False
2024-09-07 14:00:00,12.33036515531065,21.579394016354556,0.0,12.0,CZ-03,False
2024-09-07 15:00:00,12.364759826173513,21.591320519657994,0.0,12.0,CZ-03,False
2024-09-07 16:00:00,12.328923523874495,21.46304997171717,0.0,12.0,CZ-03,False
2024-09-07 17:00:00,12.34727701435056,21.680507087613297,0.0,12.0,CZ-03,False
2024-09-07 18:00:00,12.362478409880325,21.517555869557803,0.0,12.0,CZ-03,False
2024-09-07 19:00:00,12.346464224637362,21.483502037990664,0.0,12.0,CZ-03,False
2024-09-07 20:00:00,12.350249192276582,21.502829267370828,0.0,12.0,CZ-03,False
2024-09-07 21:00:00,12.402085336645369,21.308032116885812,0.0,12.0,CZ-03,False
2024-09-07 22:00:00,12.382708685272801,21.535736496286717,0.0,12.0,CZ-03,False
2024-09-07 23:00:00,12.393042306701284,21.358342344716334,0.0,12.0,CZ-03,False
2024-09-08 00:00:00,12.399866083024797,21.26190608895757,0.0,12.0,CZ-03,False
2024-09-08 01:00:00,12.410240623590848,21.5188479069202,0.0,12.0,CZ-03,False
2024-09-08 02:00:00,12.423428143229613,21.47190757197986,0.0,12.0,CZ-03,False
2024-09-08 03:00:00,12.409351160761743,21.395535190584894,0.0,12.0,CZ-03,False
2024-09-08 04:00:00,12.414262436478634,21.267330198367233,0.0,12.0,CZ-03,False
2024-09-08 05:00:00,12.423470894024723,21.201407578146966,0.0,12.0,CZ-03,False
2024-09-08 06:00:00,12.43563799365117,21.338066729111347,0.0,12.0,CZ-03,False
2024-09-08 07:00:00,12.446086946512132,21.19032445656336,0.0,12.0,CZ-03,False
2024-09-08 08:00:00,12.471357191078873,21.266808544348216,0.0,12.0,CZ-03,False
2024-09-08 09:00:00,12.477284761003778,21.14906593821208,0.0,12.0,CZ-03,False
2024-09-08 10:00:00,12.455693251519143,21.249648973656072,0.0,12.0,CZ-03,False
2024-09-08 11:00:00,12.459246308351013,21.261696071902147,0.0,12.0,CZ-03,False
2024-09-08 12:00:00,12.483389406616602,21.263742028888377,0.0,12.0,CZ-03,False
2024-09-08 13:00:00,12.47881006962272,21.29262509867242,0.0,12.0,CZ-03,False
2024-09-08 14:00:00,12.462907375193987,21.11912880366742,0.0,12.0,CZ-03,False
2024-09-08 15:00:00,12.474668933806527,21.31527899965534,0.0,12.0,CZ-03,False
2024-09-08 16:00:00,12.506877354561624,21.178456216577896,0.0,12.0,CZ-03,False
2024-09-08 17:00:00,12.509568890699365,21.070173393124254,0.0,12.0,CZ-03,False
2024-09-08 18:00:00,12.519643700947471,21.23522842571613,0.0,12.0,CZ-03,False
2024-09-08 19:00:00,12.512562516852817,21.084647991940766,0.0,12.0,CZ-03,False
2024-09-08 20:00:00,12.526961257604484,21.06840628627788,0.0,12.0,CZ-03,False
2024-09-08 21:00:00,12.521600245720334,21.052318728895667,0.0,12.0,CZ-03,False
2024-09-08 22:00:00,12.52711557883368,21.148843994265437,0.0,12.0,CZ-03,False
2024-09-08 23:00:00,12.530595970777691,21.05883481652763,0.0,12.0,CZ-03,False
2024-09-09 00:00:00,12.543198391124383,21.095135093556102,0.0,12.0,CZ-03,False
2024-09-09 01:00:00,12.547577542656837,21.111896490942545,0.0,12.0,CZ-03,False
2024-09-09 02:00:00,12.566294861933194,21.17141056206338,0.0,12.0,CZ-03,False
2024-09-09 03:00:00,12.55947681294279,21.101054766466273,0.0,12.0,CZ-03,False
2024-09-09 04:00:00,12.566251944960234,20.995407596346404,0.0,12.0,CZ-03,False
2024-09-09 05:00:00,12.576623518863647,20.793039970505287,0.0,12.0,CZ-03,False
2024-09-09 06:00:00,12.57174581530523,20.836882831336,0.0,12.0,CZ-03,False
2024-09-09 07:00:00,12.560887379088737,20.835402028069776,0.0,12.0,CZ-03,False
2024-09-09 08:00:00,12.602058344374628,20.970543299236326,0.0,12.0,CZ-03,False
2024-09-09 09:00:00,12.572921847772452,20.762784386460364,0.0,12.0,CZ-03,False
2024-09-09 10:00:00,12.58813619737698,20.654268376797305,0.0,12.0,CZ-03,False
2024-09-09 11:00:00,12.596602163270173,20.664145389812543,0.0,12.0,CZ-03,False
2024-09-09 12:00:00,12.584421814433052,20.849260318530803,0.0,12.0,CZ-03,False
2024-09-09 13:00:00,12.601837091725285,20.719263858356012,0.0,12.0,CZ-03,False
2024-09-09 14:00:00,12.58839622863797,20.69892696489897,0.0,12.0,CZ-03,False
2024-09-09 15:00:00,12.606358038082934,20.74500594716863,0.0,12.0,CZ-03,False
2024-09-09 16:00:00,12.587997536258928,20.704909583398475,0.0,12.0,CZ-03,False
2024-09-09 17:00:00,12.595622220430336,20.528927408549947,0.0,12.0,CZ-03,False
2024-09-09 18:00:00,12.609295962244047,20.573091198406225,0.0,12.0,CZ-03,False
2024-09-09 19:00:00,12.600875985874259,20.426172869076332,0.0,12.0,CZ-03,False
2024-09-09 20:00:00,12.612225428813472,20.495928150750508,0.0,12.0,CZ-03,False
2024-09-09 21:00:00,12.614162150198567,20.53399111256933,0.0,12.0,CZ-03,False
2024-09-09 22:00:00,12.616522381375692,20.475045125023154,0.0,12.0,CZ-03,False
2024-09-09 23:00:00,12.596610160944081,20.495539656106324,0.0,12.0,CZ-03,False
2024-09-10 00:00:00,12.46406107858353,20.474707136809613,24.0,12.0,CZ-03,False
2024-09-10 01:00:00,12.471089054008866,20.344378524548855,24.0,12.0,CZ-03,False
2024-09-10 02:00:00,12.46570995565647,20.41757188618779,24.0,12.0,CZ-03,False
2024-09-10 03:00:00,12.461266571706073,20.348586206563027,24.0,12.0,CZ-03,False
2024-09-10 04:00:00,12.455442960726593,20.34544125198121,24.0,12.0,CZ-03,False
2024-09-10 05:00:00,12.477372730524163,20.322512180031246,24.0,12.0,CZ-03,False
2024-09-10 06:00:00,12.48809226101899,20.355700111911254,24.0,12.0,CZ-03,False
2024-09-10 07:00:00,12.467324933582624,20.31752954796966,24.0,12.0,CZ-03,False
2024-09-10 08:00:00,12.4860203326079,20.23274327914939,24.0,12.0,CZ-03,False
2024-09-10 09:00:00,12.482400238156771,20.194269859759196,24.0,12.0,CZ-03,False
2024-09-10 10:00:00,12.450676044651985,20.2326023582544,24.0,12.0,CZ-03,False
2024-09-10 11:00:00,12.444784301337297,20.191064855644743,24.0,12.0,CZ-03,False
2024-09-10 12:00:00,12.455730922189753,20.109215283476136,24.0,12.0,CZ-03,False
2024-09-10 13:00:00,12.460537004225252,20.113259511640013,24.0,12.0,CZ-03,False
2024-09-10 14:00:00,12.456979007143536,20.30526054247419,24.0,12.0,CZ-03,False
2024-09-10 15:00:00,12.460804163723754,20.133542919935103,24.0,12.0,CZ-03,False
2024-09-10 16:00:00,12.465504871481519,20.077573800355214,24.0,12.0,CZ-03,False
2024-09-10 17:00:00,12.468714403282581,20.059310941907377,24.0,12.0,CZ-03,False
2024-09-10 18:00:00,12.454256241183161,19.91195277540456,24.0,12.0,CZ-03,False
2024-09-10 19:00:00,12.46020934328073,19.998778599062046,24.0,12.0,CZ-03,False
2024-09-10 20:00:00,12.439639923854115,19.799152956378702,24.0,12.0,CZ-03,False
2024-09-10 21:00:00,12.431604904819077,19.999263515835796,24.0,12.0,CZ-03,False
2024-09-10 22:00:00,12.43094696593341,19.836703641686114,24.0,12.0,CZ-03,False
2024-09-10 23:00:00,12.425746460602339,19.812044246438443,24.0,12.0,CZ-03,False
2024-09-11 00:00:00,12.375852377739877,19.80201962091954,24.0,0.0,CZ-03,False
2024-09-11 01:00:00,10.786616043033495,19.699571308959843,24.0,0.0,CZ-03,True
2024-09-11 02:00:00,12.358087001923495,19.756960006441055,24.0,0.0,CZ-03,False
2024-09-11 03:00:00,12.354031844089587,19.838483110419073,24.0,0.0,CZ-03,False
2024-09-11 04:00:00,12.36461005870295,19.741786405089176,24.0,0.0,CZ-03,False
2024-09-11 05:00:00,12.350350178293057,19.727836416037096,24.0,0.0,CZ-03,False
2024-09-11 06:00:00,12.353242731763393,19.682318357176065,24.0,0.0,CZ-03,False
2024-09-11 07:00:00,12.326454854356584,19.57424370374772,24.0,0.0,CZ-03,False
2024-09-11 08:00:00,12.337786307293474,19.572716707927928,24.0,0.0,CZ-03,False
2024-09-11 09:00:00,12.324176275837608,19.64738311484092,24.0,0.0,CZ-03,False
2024-09-11 10:00:00,12.321583770525264,19.604765393970364,24.0,0.0,CZ-03,False
2024-09-11 11:00:00,12.336621661968353,19.34487525824515,24.0,0.0,CZ-03,False
2024-09-11 12:00:00,12.312719296291213,19.51790556813516,24.0,0.0,CZ-03,False
2024-09-11 13:00:00,12.304935479636661,19.549789034511132,24.0,0.0,CZ-03,False
2024-09-11 14:00:00,12.311359905035063,19.417885563642603,24.0,0.0,CZ-03,False
2024-09-11 15:00:00,12.288757130635949,19.32194055978626,24.0,0.0,CZ-03,False
2024-09-11 16:00:00,12.269662201402584,19.350808588453205,24.0,0.0,CZ-03,False
2024-09-11 17:00:00,12.268835063166286,19.328908381503386,24.0,0.0,CZ-03,False
2024-09-11 18:00:00,12.271202669067568,19.182302746797703,24.0,0.0,CZ-03,False
2024-09-11 19:00:00,12.26683502377143,19.373956441894745,24.0,0.0,CZ-03,False
2024-09-11 20:00:00,12.268141210617527,19.182251484155678,24.0,0.0,CZ-03,False
2024-09-11 21:00:00,12.272599333776233,19.25213495641626,24.0,0.0,CZ-03,False
2024-09-11 22:00:00,12.272729429420416,19.268631839149222,24.0,0.0,CZ-03,False
2024-09-11 23:00:00,12.249370247086913,19.22909305282883,24.0,0.0,CZ-03,False
2024-09-12 00:00:00,12.250562868192153,19.056383208841805,24.0,0.0,CZ-03,False
2024-09-12 01:00:00,12.253219478480116,19.108216698364348,24.0,0.0,CZ-03,False
2024-09-12 02:00:00,12.221621049507803,18.958142236707733,24.0,0.0,CZ-03,False
2024-09-12 03:00:00,12.233126679867823,19.146452130656442,24.0,0.0,CZ-03,False
2024-09-12 04:00:00,12.198919877300046,18.956478361103297,24.0,0.0,CZ-03,False
2024-09-12 05:00:00,12.200552115480207,18.98745390076517,24.0,0.0,CZ-03,False
2024-09-12 06:00:00,12.195932747654949,18.901609723528228,24.0,0.0,CZ-03,False
2024-09-12 07:00:00,12.186047023505433,19.009606834335358,24.0,0.0,CZ-03,False
2024-09-12 08:00:00,12.211130333755001,18.968567050136727,24.0,0.0,CZ-03,False
2024-09-12 09:00:00,12.203434435820034,18.801898791936758,24.0,0.0,CZ-03,False
2024-09-12 10:00:00,12.175882600604233,18.91394504983484,24.0,0.0,CZ-03,False
2024-09-12 11:00:00,12.185589046801484,18.855186122493272,24.0,0.0,CZ-03,False
2024-09-12 12:00:00,12.173771314220344,18.852095839242892,24.0,0.0,CZ-03,False
2024-09-12 13:00:00,12.159575163850384,18.93336988163835,24.0,0.0,CZ-03,False
2024-09-12 14:00:00,12.157626655695463,18.814424984409207,24.0,0.0,CZ-03,False
2024-09-12 15:00:00,12.153809655024892,18.7839665404806,24.0,0.0,CZ-03,False
2024-09-12 16:00:00,12.15008882301666,18.76059499394694,24.0,0.0,CZ-03,False
2024-09-12 17:00:00,12.131189199673038,18.736131680547633,24.0,0.0,CZ-03,False
2024-09-12 18:00:00,12.129122064351364,18.687596457629002,24.0,0.0,CZ-03,False
2024-09-12 19:00:00,12.149245411024879,18.53116871455495,24.0,0.0,CZ-03,False
2024-09-12 20:00:00,12.126657996772584,18.50023765566256,24.0,0.0,CZ-03,False
2024-09-12 21:00:00,12.113359583126037,18.586130089163312,24.0,0.0,CZ-03,False
2024-09-12 22:00:00,12.122119908913996,18.576818820138783,24.0,0.0,CZ-03,False
2024-09-12 23:00:00,12.109720685443637,18.57406725106798,24.0,0.0,CZ-03,False
2024-09-13 00:00:00,12.254329240964596,18.564725725933428,0.0,0.0,CZ-03,False
2024-09-13 01:00:00,12.24978108383253,18.557246717528336,0.0,0.0,CZ-03,False
2024-09-13 02:00:00,12.240987185841751,18.502248442431252,0.0,0.0,CZ-03,False
2024-09-13 03:00:00,12.230258332987372,18.48655543851337,0.0,0.0,CZ-03,False
2024-09-13 04:00:00,12.249844907567326,18.557262683904856,0.0,0.0,CZ-03,False
2024-09-13 05:00:00,12.248614248980696,18.221228953866973,0.0,0.0,CZ-03,False
2024-09-13 06:00:00,12.21807422682397,18.210178766463077,0.0,0.0,CZ-03,False
2024-09-13 07:00:00,12.222862767600542,18.39185557563253,0.0,0.0,CZ-03,False
2024-09-13 08:00:00,12.237246207147276,18.37376582541369,0.0,0.0,CZ-03,False
2024-09-13 09:00:00,12.261165650738809,18.233401439962275,0.0,0.0,CZ-03,False
2024-09-13 10:00:00,12.216142836013233,18.25104543376579,0.0,0.0,CZ-03,False
2024-09-13 11:00:00,12.225851111470114,18.19656225909775,0.0,0.0,CZ-03,False
2024-09-13 12:00:00,12.213756249533738,18.20038557013632,0.0,0.0,CZ-03,False
2024-09-13 13:00:00,12.22537410483156,18.275543468280624,0.0,0.0,CZ-03,False
2024-09-13 14:00:00,12.236531310861603,18.28114197463106,0.0,0.0,CZ-03,False
2024-09-13 15:00:00,12.226886116565185,18.090138252328803,0.0,0.0,CZ-03,False
2024-09-13 16:00:00,12.206647639962325,18.151228198383702,0.0,0.0,CZ-03,False
2024-09-13 17:00:00,12.207728388556532,18.107182870475256,0.0,0.0,CZ-03,False
2024-09-13 18:00:00,12.2205208407187,18.078238284314043,0.0,0.0,CZ-03,False
2024-09-13 19:00:00,12.227924617547215,17.959891970465236,0.0,0.0,CZ-03,False
2024-09-13 20:00:00,12.221496493885246,18.16312617990077,0.0,0.0,CZ-03,False
2024-09-13 21:00:00,12.216652538615735,18.08440322317955,0.0,0.0,CZ-03,False
2024-09-13 22:00:00,,18.010437006097415,0.0,0.0,CZ-03,True
2024-09-13 23:00:00,,17.984240761377873,0.0,0.0,CZ-03,True
2024-09-14 00:00:00,12.214990150149795,18.161524295083886,0.0,0.0,CZ-03,False
2024-09-14 01:00:00,12.220366022677633,18.032185118065254,0.0,0.0,CZ-03,False
2024-09-14 02:00:00,12.217470802320436,18.01084873092986,0.0,0.0,CZ-03,False
2024-09-14 03:00:00,12.23115011028121,17.9369894715686,0.0,0.0,CZ-03,False
2024-09-14 04:00:00,12.232026991652415,17.952151369844046,0.0,0.0,CZ-03,False
2024-09-14 05:00:00,12.211760435150424,17.873681942549688,0.0,0.0,CZ-03,False
2024-09-14 06:00:00,12.222987759504118,18.050308030449024,0.0,0.0,CZ-03,False
2024-09-14 07:00:00,12.240283763000043,17.8550701597917,0.0,0.0,CZ-03,False
2024-09-14 08:00:00,12.239691891493226,17.893293894498857,0.0,0.0,CZ-03,False
2024-09-14 09:00:00,12.257510694849575,17.570059548347185,0.0,0.0,CZ-03,False
2024-09-14 10:00:00,12.23167335640934,17.713626553693786,0.0,0.0,CZ-03,False
2024-09-14 11:00:00,12.242866787292343,17.810147731290726,0.0,0.0,CZ-03,False
2024-09-14 12:00:00,12.265386401261491,17.76543495166263,0.0,0.0,CZ-03,False
2024-09-14 13:00:00,12.245539060334108,17.95218807742535,0.0,0.0,CZ-03,False
2024-09-14 14:00:00,12.250201763913944,17.653925694791262,0.0,0.0,CZ-03,False
2024-09-14 15:00:00,12.268433915679253,17.604048348576026,0.0,0.0,CZ-03,False
2024-09-14 16:00:00,12.289848797544215,17.74833358745572,0.0,0.0,CZ-03,False
2024-09-14 17:00:00,12.256207659821081,17.50539404624261,0.0,0.0,CZ-03,False
2024-09-14 18:00:00,12.282589125019767,17.537666042717387,0.0,0.0,CZ-03,False
2024-09-14 19:00:00,12.285605962262165,17.71906002843428,0.0,0.0,CZ-03,False
2024-09-14 20:00:00,12.282043666638291,17.450398289067664,0.0,0.0,CZ-03,False
2024-09-14 21:00:00,12.28376166613445,17.532326362626808,0.0,0.0,CZ-03,False
2024-09-14 22:00:00,12.29542805330028,17.584475766772286,0.0,0.0,CZ-03,False
2024-09-14 23:00:00,12.271304465317133,17.587208530583435,0.0,0.0,CZ-03,False
2024-09-15 00:00:00,12.297264964940453,17.57043646026961,0.0,0.0,CZ-03,False
2024-09-15 01:00:00,12.324936846915396,17.759389590884883,0.0,0.0,CZ-03,False
2024-09-15 02:00:00,12.327880256194668,17.518645168200912,0.0,0.0,CZ-03,False
2024-09-15 03:00:00,12.33626394487924,17.44770579962012,0.0,0.0,CZ-03,False
2024-09-15 04:00:00,12.324155178635442,17.502483067891617,0.0,0.0,CZ-03,False
2024-09-15 05:00:00,12.349531380285304,17.592251270946832,0.0,0.0,CZ-03,False
2024-09-15 06:00:00,12.349727343857065,17.43998939152003,0.0,0.0,CZ-03,False
2024-09-15 07:00:00,12.329442813413957,17.614738824279616,0.0,0.0,CZ-03,False
2024-09-15 08:00:00,12.353800468398612,17.443153120679888,0.0,0.0,CZ-03,False
2024-09-15 09:00:00,12.342176373399273,17.528531823393795,0.0,0.0,CZ-03,False
2024-09-15 10:00:00,12.34929924613942,17.421700738338767,0.0,0.0,CZ-03,False
2024-09-15 11:00:00,12.380675263704209,17.389664680442777,0.0,0.0,CZ-03,False
2024-09-15 12:00:00,12.34257618419157,17.401713331653493,0.0,0.0,CZ-03,False
2024-09-15 13:00:00,12.36338223089222,17.511380671774372,0.0,0.0,CZ-03,False
2024-09-15 14:00:00,12.375153002841147,17.278025328744206,0.0,0.0,CZ-03,False
2024-09-15 15:00:00,12.414646599806588,17.35759677921977,0.0,0.0,CZ-03,False
2024-09-15 16:00:00,12.381284274626564,17.459473314560995,0.0,0.0,CZ-03,False
2024-09-15 17:00:00,12.384270272740336,17.420076931262933,0.0,0.0,CZ-03,False
2024-09-15 18:00:00,12.425960009580985,17.272491356044117,0.0,0.0,CZ-03,False
2024-09-15 19:00:00,12.433886639130227,17.407519525148018,0.0,0.0,CZ-03,False
2024-09-15 20:00:00,12.430596342107812,17.164921363688315,0.0,0.0,CZ-03,False
2024-09-15 21:00:00,12.448615073991865,17.24206982543585,0.0,0.0,CZ-03,False
2024-09-15 22:00:00,12.44040395799482,17.193531986461934,0.0,0.0,CZ-03,False
2024-09-15 23:00:00,12.432971002837368,17.297910821965548,0.0,0.0,CZ-03,False
2024-09-16 00:00:00,12.338973351971017,17.436291167774474,24.0,12.0,CZ-03,False
2024-09-16 01:00:00,12.34946815111715,17.22727349228664,24.0,12.0,CZ-03,False
2024-09-16 02:00:00,12.35189724444722,17.43318050464027,24.0,12.0,CZ-03,False
2024-09-16 03:00:00,12.35957887955145,17.31810315450732,24.0,12.0,CZ-03,False
2024-09-16 04:00:00,12.35711951807954,17.372627157050108,24.0,12.0,CZ-03,False
2024-09-16 05:00:00,12.377184752670196,17.18646874426699,24.0,12.0,CZ-03,False
2024-09-16 06:00:00,12.392033227073332,17.295433978845537,24.0,12.0,CZ-03,False
2024-09-16 07:00:00,12.387542257813521,17.38327551615876,24.0,12.0,CZ-03,False
2024-09-16 08:00:00,12.382140057417066,17.37343093253598,24.0,12.0,CZ-03,False
2024-09-16 09:00:00,12.37958273060548,17.204637763789147,24.0,12.0,CZ-03,False
2024-09-16 10:00:00,12.38245518939822,17.27233228659432,24.0,12.0,CZ-03,False
2024-09-16 11:00:00,12.430665834373421,17.41056619128465,24.0,12.0,CZ-03,False
2024-09-16 12:00:00,12.416010210832626,17.31111537552347,24.0,12.0,CZ-03,False
2024-09-16 13:00:00,12.403218232264727,17.268196186390636,24.0,12.0,CZ-03,False
2024-09-16 14:00:00,12.433440510398135,17.07039657618597,24.0,12.0,CZ-03,False
2024-09-16 15:00:00,12.4103606337797,17.3097475632976,24.0,12.0,CZ-03,False
2024-09-16 16:00:00,12.43151070536273,17.273589588637535,24.0,12.0,CZ-03,False
2024-09-16 17:00:00,12.444112026954102,17.214111619939263,24.0,12.0,CZ-03,False
2024-09-16 18:00:00,12.443782724341954,17.310386217321135,24.0,12.0,CZ-03,False
2024-09-16 19:00:00,12.424824165062027,17.36942185084885,24.0,12.0,CZ-03,False
2024-09-16 20:00:00,12.438659568672747,17.339660034661463,24.0,12.0,CZ-03,False
2024-09-16 21:00:00,12.419582000325061,17.33160420042612,24.0,12.0,CZ-03,False
2024-09-16 22:00:00,12.449735233140263,17.288897562452306,24.0,12.0,CZ-03,False
2024-09-16 23:00:00,12.458869617772033,17.38125843239444,24.0,12.0,CZ-03,False
2024-09-17 00:00:00,12.472933433577555,17.340922826398845,24.0,12.0,CZ-03,False
2024-09-17 01:00:00,12.48229449820104,17.385062487649318,24.0,12.0,CZ-03,False
2024-09-17 02:00:00,12.449488959964151,17.298563607395433,24.0,12.0,CZ-03,False
2024-09-17 03:00:00,12.460190266727686,17.414834632426828,24.0,12.0,CZ-03,False
2024-09-17 04:00:00,12.45620662312097,17.304908318653556,24.0,12.0,CZ-03,False
2024-09-17 05:00:00,12.452362993618038,17.316406227100448,24.0,12.0,CZ-03,False
2024-09-17 06:00:00,12.44950953264902,17.358671091999668,24.0,12.0,CZ-03,False
2024-09-17 07:00:00,12.4398218650462,17.279543383136428,24.0,12.0,CZ-03,False
2024-09-17 08:00:00,12.460464639810157,17.469381163991148,24.0,12.0,CZ-03,False
2024-09-17 09:00:00,12.472771451719174,17.32045224887654,24.0,12.0,CZ-03,False
2024-09-17 10:00:00,12.46641118926441,17.35891570704315,24.0,12.0,CZ-03,False
2024-09-17 11:00:00,12.463438842138693,17.463559268506128,24.0,12.0,CZ-03,False
2024-09-17 12:00:00,12.467645497247142,17.398609877868022,24.0,12.0,CZ-03,False
2024-09-17 13:00:00,12.464002610653566,17.421880320776587,24.0,12.0,CZ-03,False
2024-09-17 14:00:00,12.457390003230243,17.3882990607923,24.0,12.0,CZ-03,False
2024-09-17 15:00:00,12.469782540213224,17.37827784380341,24.0,12.0,CZ-03,False
2024-09-17 16:00:00,12.467172270535839,17.407565292421726,24.0,12.0,CZ-03,False
2024-09-17 17:00:00,12.474955977626003,17.370684713811542,24.0,12.0,CZ-03,False
2024-09-17 18:00:00,12.471728580805138,17.355272984924763,24.0,12.0,CZ-03,False
2024-09-17 19:00:00,12.464365956543304,17.61305748625183,24.0,12.0,CZ-03,False
2024-09-17 20:00:00,12.482318874376434,17.369686382169913,24.0,12.0,CZ-03,False
2024-09-17 21:00:00,12.46193827952688,17.421210465401437,24.0,12.0,CZ-03,False
2024-09-17 22:00:00,12.44829355436913,17.46308892100243,24.0,12.0,CZ-03,False
2024-09-17 23:00:00,12.457368187782762,17.54701299804942,24.0,12.0,CZ-03,False
2024-09-18 00:00:00,12.460698304446957,17.560475418183586,24.0,12.0,CZ-03,False
2024-09-18 01:00:00,12.445895917125746,17.483494465792315,24.0,12.0,CZ-03,False
2024-09-18 02:00:00,12.430813081834364,17.29897961376339,24.0,12.0,CZ-03,False
2024-09-18 03:00:00,12.442889227202215,17.431439917124063,24.0,12.0,CZ-03,False
2024-09-18 04:00:00,12.445852497844955,17.55934735759679,24.0,12.0,CZ-03,False
2024-09-18 05:00:00,12.449331256510074,17.49871041997086,24.0,12.0,CZ-03,False
2024-09-18 06:00:00,12.423349703094003,17.59266552996404,24.0,12.0,CZ-03,False
2024-09-18 07:00:00,12.44256412921544,17.462249148939982,24.0,12.0,CZ-03,False
2024-09-18 08:00:00,12.43231653397708,17.54683564123263,24.0,12.0,CZ-03,False
2024-09-18 09:00:00,12.4069341354695,17.631263000137675,24.0,12.0,CZ-03,False
2024-09-18 10:00:00,12.427540301143457,17.676369492083968,24.0,12.0,CZ-03,False
2024-09-18 11:00:00,12.415460483493929,17.472076585247578,24.0,12.0,CZ-03,False
2024-09-18 12:00:00,12.415460483493929,17.622516563299108,24.0,12.0,CZ-03,True
2024-09-18 13:00:00,12.415460483493929,17.684521927870644,24.0,12.0,CZ-03,True
2024-09-18 14:00:00,12.415460483493929,17.64148549941485,24.0,12.0,CZ-03,True
2024-09-18 15:00:00,12.415460483493929,17.67430586600741,24.0,12.0,CZ-03,True
2024-09-18 16:00:00,12.415460483493929,17.78112332648331,24.0,12.0,CZ-03,True
2024-09-18 17:00:00,12.415460483493929,17.77200680549369,24.0,12.0,CZ-03,True
2024-09-18 18:00:00,12.415460483493929,17.698011781189386,24.0,12.0,CZ-03,True
2024-09-18 19:00:00,12.415460483493929,17.712182251251892,24.0,12.0,CZ-03,True
2024-09-18 20:00:00,12.415460483493929,17.736510336015726,24.0,12.0,CZ-03,True
2024-09-18 21:00:00,12.415460483493929,17.75801131757966,24.0,12.0,CZ-03,True
2024-09-18 22:00:00,12.415460483493929,17.762499548687927,24.0,12.0,CZ-03,True
2024-09-18 23:00:00,12.415460483493929,17.735656519793714,24.0,12.0,CZ-03,True
2024-09-19 00:00:00,12.501322161600879,17.784276661145977,0.0,12.0,CZ-03,False
2024-09-19 01:00:00,12.480933433691435,17.884976677648776,0.0,12.0,CZ-03,False
2024-09-19 02:00:00,12.50734880158709,17.705589347028713,0.0,12.0,CZ-03,False
2024-09-19 03:00:00,12.466221580494166,17.975716174585433,0.0,12.0,CZ-03,False
2024-09-19 04:00:00,12.492621992162467,17.921552942910008,0.0,12.0,CZ-03,False
2024-09-19 05:00:00,12.468470567749849,17.870699476971886,0.0,12.0,CZ-03,False
2024-09-19 06:00:00,12.46953104029472,17.95149542412292,0.0,12.0,CZ-03,False
2024-09-19 07:00:00,12.453256171062678,17.97518816980656,0.0,12.0,CZ-03,False
2024-09-19 08:00:00,12.450266142668584,18.017730963864654,0.0,12.0,CZ-03,False
2024-09-19 09:00:00,12.439085214959468,18.044143282532097,0.0,12.0,CZ-03,False
2024-09-19 10:00:00,12.444971038715607,18.050568659125826,0.0,12.0,CZ-03,False
2024-09-19 11:00:00,12.420591171224489,18.050190218275812,0.0,12.0,CZ-03,False
2024-09-19 12:00:00,12.425460299455029,17.82601642356449,0.0,12.0,CZ-03,False
2024-09-19 13:00:00,12.391891060756107,18.108950145695665,0.0,12.0,CZ-03,False
2024-09-19 14:00:00,12.416466524747449,18.17072936612673,0.0,12.0,CZ-03,False
2024-09-19 15:00:00,12.398505932651533,18.176034893978287,0.0,12.0,CZ-03,False
2024-09-19 16:00:00,12.380068168964053,18.110559311972477,0.0,12.0,CZ-03,False
2024-09-19 17:00:00,12.370810069156331,18.092872882242172,0.0,12.0,CZ-03,False
2024-09-19 18:00:00,12.39478955608264,17.9893520096439,0.0,12.0,CZ-03,False
2024-09-19 19:00:00,12.3850720358314,18.207326266535368,0.0,12.0,CZ-03,False
2024-09-19 20:00:00,12.380639544374272,18.096482690655318,0.0,12.0,CZ-03,False
2024-09-19 21:00:00,12.37189304807625,18.136529604862112,0.0,12.0,CZ-03,False
2024-09-19 22:00:00,12.358077697794048,18.29224746582342,0.0,12.0,CZ-03,False
2024-09-19 23:00:00,12.356904557801846,18.295656291660233,0.0,12.0,CZ-03,False
2024-09-20 00:00:00,12.348208130765558,18.33817302042114,0.0,12.0,CZ-03,False
2024-09-20 01:00:00,12.335341765982058,18.36635079129626,0.0,12.0,CZ-03,False
2024-09-20 02:00:00,12.34163352411689,18.306068140695814,0.0,12.0,CZ-03,False
2024-09-20 03:00:00,12.337043602849512,18.446695235894577,0.0,12.0,CZ-03,False
2024-09-20 04:00:00,12.323484883134636,18.219593825098446,0.0,12.0,CZ-03,False
2024-09-20 05:00:00,12.334070255674092,18.494964945023963,0.0,12.0,CZ-03,False
2024-09-20 06:00:00,12.32259536716239,18.316065016922806,0.0,12.0,CZ-03,False
2024-09-20 07:00:00,12.301287729667827,18.381370603909087,0.0,12.0,CZ-03,False
2024-09-20 08:00:00,12.30248726243775,18.448495305654756,0.0,12.0,CZ-03,False
2024-09-20 09:00:00,12.294940313486734,18.48305681943059,0.0,12.0,CZ-03,False
2024-09-20 10:00:00,12.304739276244314,18.464796797985084,0.0,12.0,CZ-03,False
2024-09-20 11:00:00,12.287946301920787,18.582912809089613,0.0,12.0,CZ-03,False
2024-09-20 12:00:00,12.278679257502214,18.61859804310738,0.0,12.0,CZ-03,False
2024-09-20 13:00:00,12.304765319133738,18.625346055103194,0.0,12.0,CZ-03,False
2024-09-20 14:00:00,12.296611563084541,18.6164396465827,0.0,12.0,CZ-03,False
2024-09-20 15:00:00,12.290706688661166,18.662442077512292,0.0,12.0,CZ-03,False
2024-09-20 16:00:00,12.297062727119657,18.648075730010714,0.0,12.0,CZ-03,False
2024-09-20 17:00:00,12.291558363665326,18.69167874456434,0.0,12.0,CZ-03,False
2024-09-20 18:00:00,12.28671192011084,18.83775438372768,0.0,12.0,CZ-03,False
2024-09-20 19:00:00,12.270878264751907,18.747341788608715,0.0,12.0,CZ-03,False
2024-09-20 20:00:00,12.263160481622025,18.67408669577947,0.0,12.0,CZ-03,False
2024-09-20 21:00:00,12.26791129712892,18.824269400220675,0.0,12.0,CZ-03,False
2024-09-20 22:00:00,12.282459416898044,18.79517937597754,0.0,12.0,CZ-03,False
2024-09-20 23:00:00,12.267858635258381,18.840427692658267,0.0,12.0,CZ-03,False
2024-09-21 00:00:00,12.230539621109664,18.87295612833045,0.0,0.0,CZ-03,False
2024-09-21 01:00:00,12.228626990018235,18.8105174524059,0.0,0.0,CZ-03,False
2024-09-21 02:00:00,12.21554494866252,19.002791097131716,0.0,0.0,CZ-03,False
2024-09-21 03:00:00,12.234792928464103,18.749964490463952,0.0,0.0,CZ-03,False
2024-09-21 04:00:00,12.217192248819767,18.88628610430274,0.0,0.0,CZ-03,False
2024-09-21 05:00:00,12.225050979879935,19.12701499532567,0.0,0.0,CZ-03,False
2024-09-21 06:00:00,12.221739995533946,18.92490580739074,0.0,0.0,CZ-03,False
2024-09-21 07:00:00,12.195132509931636,19.099963203523764,0.0,0.0,CZ-03,False
2024-09-21 08:00:00,12.188934964866297,18.983706755097547,0.0,0.0,CZ-03,False
2024-09-21 09:00:00,12.237841876706973,19.049695572039756,0.0,0.0,CZ-03,False
2024-09-21 10:00:00,12.228719149876305,19.217762502134693,0.0,0.0,CZ-03,False
2024-09-21 11:00:00,12.235684194101921,19.15203622686435,0.0,0.0,CZ-03,False
2024-09-21 12:00:00,12.233790778886801,19.302991624929778,0.0,0.0,CZ-03,False
2024-09-21 13:00:00,12.228826888258537,19.273244696688064,0.0,0.0,CZ-03,False
2024-09-21 14:00:00,12.20770409876921,19.310249535087888,0.0,0.0,CZ-03,False
2024-09-21 15:00:00,12.211938596631164,19.395434312093222,0.0,0.0,CZ-03,False
2024-09-21 16:00:00,12.248787759001106,19.41934354479491,0.0,0.0,CZ-03,False
2024-09-21 17:00:00,12.25399340260111,19.32961489852206,0.0,0.0,CZ-03,False
2024-09-21 18:00:00,12.228999272943451,19.30717691800857,0.0,0.0,CZ-03,False
2024-09-21 19:00:00,12.232484403561735,19.26108613546545,0.0,0.0,CZ-03,False
2024-09-21 20:00:00,12.242917345362098,19.53585024429138,0.0,0.0,CZ-03,False
2024-09-21 21:00:00,12.256036392292074,19.50357886070568,0.0,0.0,CZ-03,False
2024-09-21 22:00:00,12.272061715334813,19.465246401712655,0.0,0.0,CZ-03,False
2024-09-21 23:00:00,12.273121359755597,19.60155212645519,0.0,0.0,CZ-03,False
2024-09-22 00:00:00,12.112957850502116,19.617290588238518,24.0,0.0,CZ-03,False
2024-09-22 01:00:00,12.120273612922553,19.483130447277265,24.0,0.0,CZ-03,False
2024-09-22 02:00:00,12.117640751183018,19.627821046835454,24.0,0.0,CZ-03,False
2024-09-22 03:00:00,12.122283767230591,19.60891148313551,24.0,0.0,CZ-03,False
2024-09-22 04:00:00,12.115799396224238,19.69482431940153,24.0,0.0,CZ-03,False
2024-09-22 05:00:00,12.150032569475671,19.61748758119338,24.0,0.0,CZ-03,False
2024-09-22 06:00:00,12.148121475253278,19.68774189951464,24.0,0.0,CZ-03,False
2024-09-22 07:00:00,12.144506263244185,19.564001426851796,24.0,0.0,CZ-03,False
2024-09-22 08:00:00,12.162746135262203,19.64600334822265,24.0,0.0,CZ-03,False
2024-09-22 09:00:00,12.129114669175653,19.761748585766718,24.0,0.0,CZ-03,False
2024-09-22 10:00:00,12.166243788802543,19.765962201001862,24.0,0.0,CZ-03,False
2024-09-22 11:00:00,12.169899647451595,19.91846717203492,24.0,0.0,CZ-03,False
2024-09-22 12:00:00,14.35869762436733,19.972073398193437,24.0,0.0,CZ-03,True
2024-09-22 13:00:00,12.160386326329245,19.834090655129504,24.0,0.0,CZ-03,False
2024-09-22 14:00:00,12.189582418842885,19.89193599420868,24.0,0.0,CZ-03,False
2024-09-22 15:00:00,12.177251824414592,19.803882082388395,24.0,0.0,CZ-03,False
2024-09-22 16:00:00,12.191581304947919,20.016246959195882,24.0,0.0,CZ-03,False
2024-09-22 17:00:00,12.20024618700504,19.984053004625768,24.0,0.0,CZ-03,False
2024-09-22 18:00:00,12.197951303971717,20.072573077972812,24.0,0.0,CZ-03,False
2024-09-22 19:00:00,12.20838494925622,20.056769219946325,24.0,0.0,CZ-03,False
2024-09-22 20:00:00,12.227324744937638,20.014088628608228,24.0,0.0,CZ-03,False
2024-09-22 21:00:00,12.226696187785564,20.27240253673288,24.0,0.0,CZ-03,False
2024-09-22 22:00:00,12.228768726247731,20.194180801097556,24.0,0.0,CZ-03,False
2024-09-22 23:00:00,12.224908960772233,20.17898084507122,24.0,0.0,CZ-03,False
2024-09-23 00:00:00,12.230591265952757,20.234677447214732,24.0,0.0,CZ-03,False
2024-09-23 01:00:00,12.255290984153904,20.196057704201525,24.0,0.0,CZ-03,False
2024-09-23 02:00:00,12.244029994515074,20.34042417615991,24.0,0.0,CZ-03,False
2024-09-23 03:00:00,12.274089580910147,20.17912354070623,24.0,0.0,CZ-03,False
2024-09-23 04:00:00,12.276583565378564,20.22471725722305,24.0,0.0,CZ-03,False
2024-09-23 05:00:00,12.282936871775739,20.20310153443424,24.0,0.0,CZ-03,False
2024-09-23 06:00:00,12.272803672392362,20.209624660628258,24.0,0.0,CZ-03,False
2024-09-23 07:00:00,12.293001899242856,20.36207277149905,24.0,0.0,CZ-03,False
2024-09-23 08:00:00,12.286558680276576,20.407778274646386,24.0,0.0,CZ-03,False
2024-09-23 09:00:00,12.290452720761174,20.40845815335904,24.0,0.0,CZ-03,False
2024-09-23 10:00:00,12.321844911655974,20.402131222389492,24.0,0.0,CZ-03,False
2024-09-23 11:00:00,12.297298845073888,20.42169194946695,24.0,0.0,CZ-03,False
2024-09-23 12:00:00,12.342932730859905,20.47839752225445,24.0,0.0,CZ-03,False
2024-09-23 13:00:00,12.315307671542486,20.457126916641407,24.0,0.0,CZ-03,False
2024-09-23 14:00:00,12.331915801053528,20.708676944568197,24.0,0.0,CZ-03,False
2024-09-23 15:00:00,12.34733313005152,20.585148207450356,24.0,0.0,CZ-03,False
2024-09-23 16:00:00,12.33192905620547,20.677209998624356,24.0,0.0,CZ-03,False
2024-09-23 17:00:00,12.345984212062433,20.565228005187183,24.0,0.0,CZ-03,False
2024-09-23 18:00:00,12.346675716749063,20.67056803895399,24.0,0.0,CZ-03,False
2024-09-23 19:00:00,12.369002977993988,20.592539100070248,24.0,0.0,CZ-03,False
2024-09-23 20:00:00,12.380948687696936,20.479436558253727,24.0,0.0,CZ-03,False
2024-09-23 21:00:00,12.351450212581213,20.647090963492673,24.0,0.0,CZ-03,False
2024-09-23 22:00:00,12.382254034511767,20.841892731086443,24.0,0.0,CZ-03,False
2024-09-23 23:00:00,12.375808908567535,20.686939118600236,24.0,0.0,CZ-03,False
2024-09-24 00:00:00,12.38147709967844,20.802245073649317,24.0,0.0,CZ-03,False
2024-09-24 01:00:00,12.393804485317915,20.68591461975741,24.0,0.0,CZ-03,False
2024-09-24 02:00:00,12.40160183627788,20.81063318450921,24.0,0.0,CZ-03,False
2024-09-24 03:00:00,12.396158826947007,20.88297921126532,24.0,0.0,CZ-03,False
2024-09-24 04:00:00,12.409864325767177,20.916451208873884,24.0,0.0,CZ-03,False
2024-09-24 05:00:00,12.38895770112158,20.79244413249735,24.0,0.0,CZ-03,False
2024-09-24 06:00:00,12.404500077230805,20.80330202934655,24.0,0.0,CZ-03,False
2024-09-24 07:00:00,12.429908246857702,20.76496900501728,24.0,0.0,CZ-03,False
2024-09-24 08:00:00,12.416418945867537,21.02524633046879,24.0,0.0,CZ-03,False
2024-09-24 09:00:00,12.393963160690785,21.098462663612683,24.0,0.0,CZ-03,False
2024-09-24 10:00:00,12.426865375237268,20.963720758681614,24.0,0.0,CZ-03,False
2024-09-24 11:00:00,12.428780880642993,20.872351616945156,24.0,0.0,CZ-03,False
2024-09-24 12:00:00,12.433140682538262,21.003656167607833,24.0,0.0,CZ-03,False
2024-09-24 13:00:00,12.407836030667523,21.095799077738725,24.0,0.0,CZ-03,False
2024-09-24 14:00:00,12.419977342809212,21.090992286535013,24.0,0.0,CZ-03,False
2024-09-24 15:00:00,12.425419824910662,21.09068198865214,24.0,0.0,CZ-03,False
2024-09-24 16:00:00,12.41721666331857,21.058295775083675,24.0,0.0,CZ-03,False
2024-09-24 17:00:00,12.421271873584747,21.013152331526417,24.0,0.0,CZ-03,False
2024-09-24 18:00:00,12.444206485766077,21.189923795232918,24.0,0.0,CZ-03,False
2024-09-24 19:00:00,12.40787587604534,21.210141662618394,24.0,0.0,CZ-03,False
2024-09-24 20:00:00,12.434311155648249,21.108351671647544,24.0,0.0,CZ-03,False
2024-09-24 21:00:00,12.425078573177581,21.111848296448326,24.0,0.0,CZ-03,False
2024-09-24 22:00:00,12.448719117855816,21.124312606884278,24.0,0.0,CZ-03,False
2024-09-24 23:00:00,12.42286373904926,21.333135577051987,24.0,0.0,CZ-03,False
2024-09-25 00:00:00,12.569378163441588,21.16604584744443,0.0,0.0,CZ-03,False
2024-09-25 01:00:00,12.548938057723474,21.18799613640527,0.0,0.0,CZ-03,False
2024-09-25 02:00:00,12.578803383312541,21.381217641550386,0.0,0.0,CZ-03,False
2024-09-25 03:00:00,12.598179319313688,21.204830238943796,0.0,0.0,CZ-03,False
2024-09-25 04:00:00,12.577663723100324,21.26237964973666,0.0,0.0,CZ-03,False
2024-09-25 05:00:00,12.589961828431658,21.433121662887974,0.0,0.0,CZ-03,False
2024-09-25 06:00:00,12.557695980943064,21.346705398177477,0.0,0.0,CZ-03,False
2024-09-25 07:00:00,12.536186675156157,21.362157594105206,0.0,0.0,CZ-03,False
2024-09-25 08:00:00,12.569296268752689,21.24120464719052,0.0,0.0,CZ-03,False
2024-09-25 09:00:00,12.571012077273362,21.358878435180994,0.0,0.0,CZ-03,False
2024-09-25 10:00:00,12.560612293337295,21.398653236236044,0.0,0.0,CZ-03,False
2024-09-25 11:00:00,12.567144743403494,21.533654104001787,0.0,0.0,CZ-03,False
2024-09-25 12:00:00,12.552041077412552,21.516918622480606,0.0,0.0,CZ-03,False
2024-09-25 13:00:00,12.527807360235125,21.288858615274005,0.0,0.0,CZ-03,False
2024-09-25 14:00:00,12.514252573910477,21.40649056791098,0.0,0.0,CZ-03,False
2024-09-25 15:00:00,12.533910687557428,21.327371419498697,0.0,0.0,CZ-03,False
2024-09-25 16:00:00,12.522831029084477,21.481673422188564,0.0,0.0,CZ-03,False
2024-09-25 17:00:00,12.530058482520262,21.407808291593067,0.0,0.0,CZ-03,False
2024-09-25 18:00:00,12.534124898966345,21.542261864531635,0.0,0.0,CZ-03,False
2024-09-25 19:00:00,12.518646538040155,21.55987442617589,0.0,0.0,CZ-03,False
2024-09-25 20:00:00,12.513528886911173,21.493566947035653,0.0,0.0,CZ-03,False
2024-09-25 21:00:00,12.50867697591924,21.702932495313906,0.0,0.0,CZ-03,False
2024-09-25 22:00:00,12.512047933875374,21.627817151110857,0.0,0.0,CZ-03,False
2024-09-25 23:00:00,12.491159131266189,21.504433527625384,0.0,0.0,CZ-03,False
2024-09-25 23:00:00,12.537092013419022,21.43063882446251,0.0,12.0,CZ-03,True
2024-09-26 01:00:00,12.520374420068931,21.56394464485478,0.0,12.0,CZ-03,False
2024-09-26 02:00:00,12.517803348630578,21.44529370099211,0.0,12.0,CZ-03,False
2024-09-26 03:00:00,12.529613770516313,21.421591369347787,0.0,12.0,CZ-03,False
2024-09-26 04:00:00,12.525509908528994,21.46356993600434,0.0,12.0,CZ-03,False
2024-09-26 05:00:00,12.506537029578196,21.4569444665865,0.0,12.0,CZ-03,False
2024-09-26 06:00:00,12.507100022411768,21.492182126989682,0.0,12.0,CZ-03,False
2024-09-26 07:00:00,12.516866137465525,21.536502428485832,0.0,12.0,CZ-03,False
2024-09-26 08:00:00,12.485901799515432,21.597493777101732,0.0,12.0,CZ-03,False
2024-09-26 09:00:00,12.474718227524846,21.636043860024376,0.0,12.0,CZ-03,False
2024-09-26 10:00:00,12.464334360708182,21.60150878103897,0.0,12.0,CZ-03,False
2024-09-26 11:00:00,12.495501481664512,21.75971276877685,0.0,12.0,CZ-03,False
2024-09-26 12:00:00,12.476233806888512,21.751684276191646,0.0,12.0,CZ-03,False
2024-09-26 13:00:00,12.444100051516491,21.609751867069622,0.0,12.0,CZ-03,False
2024-09-26 14:00:00,12.4528244824237,21.71034366756876,0.0,12.0,CZ-03,False
2024-09-26 15:00:00,12.456246044881764,21.678213016065826,0.0,12.0,CZ-03,False
2024-09-26 16:00:00,12.450842873804838,21.762162250993516,0.0,12.0,CZ-03,False
2024-09-26 17:00:00,12.43358761039164,21.73290435258334,0.0,12.0,CZ-03,False
2024-09-26 18:00:00,12.42861738193406,21.704483441896404,0.0,12.0,CZ-03,False
2024-09-26 19:00:00,12.448156317062814,21.779994021909985,0.0,12.0,CZ-03,False
2024-09-26 20:00:00,12.423016865086309,21.722300934870997,0.0,12.0,CZ-03,False
2024-09-26 21:00:00,12.408759892056992,21.669027229856365,0.0,12.0,CZ-03,False
2024-09-26 22:00:00,12.390916523817083,21.76474729731607,0.0,12.0,CZ-03,False
2024-09-26 23:00:00,12.384958733030226,21.678053654281914,0.0,12.0,CZ-03,False
2024-09-27 00:00:00,12.402046080444629,21.514164804953715,0.0,12.0,CZ-03,False
2024-09-27 01:00:00,12.37659368497134,21.807933758710718,0.0,12.0,CZ-03,False
2024-09-27 02:00:00,12.383813770934072,21.75770407628693,0.0,12.0,CZ-03,False
2024-09-27 03:00:00,12.36390403311906,21.694531518183542,0.0,12.0,CZ-03,False
2024-09-27 04:00:00,12.36514138967547,21.67591988063406,0.0,12.0,CZ-03,False
2024-09-27 05:00:00,12.366240287138806,21.914005050096193,0.0,12.0,CZ-03,False
2024-09-27 06:00:00,12.360390748072287,21.6830273688145,0.0,12.0,CZ-03,False
2024-09-27 07:00:00,12.384311297417982,21.744679250210552,0.0,12.0,CZ-03,False
2024-09-27 08:00:00,12.329783572293554,21.60035584153032,0.0,12.0,CZ-03,False
2024-09-27 09:00:00,12.338212214483828,21.680999193783883,0.0,12.0,CZ-03,False
2024-09-27 10:00:00,12.335585449923425,21.719756817989225,0.0,12.0,CZ-03,False
2024-09-27 11:00:00,12.328601940369369,21.731570349876016,0.0,12.0,CZ-03,False
2024-09-27 12:00:00,12.328344622314665,21.521295585426223,0.0,12.0,CZ-03,False
2024-09-27 13:00:00,12.331419605766246,21.7379700843162,0.0,12.0,CZ-03,False
2024-09-27 14:00:00,12.334574997016771,21.720308431082888,0.0,12.0,CZ-03,False
2024-09-27 15:00:00,12.314166291835583,21.703242685986414,0.0,12.0,CZ-03,False
2024-09-27 16:00:00,12.29324468028049,21.650789809375638,0.0,12.0,CZ-03,False
2024-09-27 17:00:00,12.30086583245383,21.619466752493775,0.0,12.0,CZ-03,False
2024-09-27 18:00:00,12.292521327030515,21.578152586888233,0.0,12.0,CZ-03,False
2024-09-27 19:00:00,12.300947501062687,21.587358997263216,0.0,12.0,CZ-03,False
2024-09-27 20:00:00,12.288168061613812,21.664171220938574,0.0,12.0,CZ-03,False
2024-09-27 21:00:00,12.28723805255508,21.626167764361053,0.0,12.0,CZ-03,False
2024-09-27 22:00:00,12.27933984413477,21.51574679446509,0.0,12.0,CZ-03,False
2024-09-27 23:00:00,12.289924481296511,21.687549081875183,0.0,12.0,CZ-03,False
2024-09-28 00:00:00,12.141049116502018,21.798545489293137,24.0,12.0,CZ-03,False
2024-09-28 01:00:00,12.129798749023974,21.696279708468186,24.0,12.0,CZ-03,False
2024-09-28 02:00:00,12.116979847163156,21.661620293031948,24.0,12.0,CZ-03,False
2024-09-28 03:00:00,12.118939362451634,21.694872508344474,24.0,12.0,CZ-03,False
2024-09-28 04:00:00,12.115041401352986,21.56881912031578,24.0,12.0,CZ-03,False
2024-09-28 05:00:00,12.108602659842921,21.61489122965251,24.0,12.0,CZ-03,False
2024-09-28 06:00:00,12.122257834700275,21.514147207571163,24.0,12.0,CZ-03,False
2024-09-28 07:00:00,12.120640870830291,21.395679441078087,24.0,12.0,CZ-03,False
2024-09-28 08:00:00,12.127352442826147,21.41554322680296,24.0,12.0,CZ-03,False
2024-09-28 09:00:00,12.117536131178559,21.512196580345083,24.0,12.0,CZ-03,False
2024-09-28 10:00:00,12.095850608631658,21.65042917808889,24.0,12.0,CZ-03,False
2024-09-28 11:00:00,12.101202809003833,21.522244027573358,24.0,12.0,CZ-03,False
2024-09-28 12:00:00,12.13326566777799,21.449064337513157,24.0,12.0,CZ-03,False
2024-09-28 13:00:00,12.132290308080862,21.41780883107541,24.0,12.0,CZ-03,False
2024-09-28 14:00:00,12.110535404625576,21.53094400744058,24.0,12.0,CZ-03,False
2024-09-28 15:00:00,12.097636134942602,21.450681597103532,24.0,12.0,CZ-03,False
2024-09-28 16:00:00,12.098566368554849,21.46373424750349,24.0,12.0,CZ-03,False
2024-09-28 17:00:00,12.131908201780162,21.368633113988686,24.0,12.0,CZ-03,False
2024-09-28 18:00:00,12.125982833187658,21.511615559813748,24.0,12.0,CZ-03,False
2024-09-28 19:00:00,12.117166769720564,21.356809417445007,24.0,12.0,CZ-03,False
2024-09-28 20:00:00,12.11142772773339,21.549788587524834,24.0,12.0,CZ-03,False
2024-09-28 21:00:00,12.108171692224806,21.49361937576707,24.0,12.0,CZ-03,False
2024-09-28 22:00:00,12.123781965094919,21.271586548262995,24.0,12.0,CZ-03,False
2024-09-28 23:00:00,12.121738885797358,21.450965525815,24.0,12.0,CZ-03,False
2024-09-29 00:00:00,12.12477286105129,21.54560025486913,24.0,12.0,CZ-03,False
2024-09-29 01:00:00,12.151689961849558,21.47062714899391,24.0,12.0,CZ-03,False
2024-09-29 02:00:00,12.130800749865035,21.307156682427255,24.0,12.0,CZ-03,False
2024-09-29 03:00:00,12.129901852341023,21.33079796426984,24.0,12.0,CZ-03,False
2024-09-29 04:00:00,12.136708954833315,21.364379947674703,24.0,12.0,CZ-03,False
2024-09-29 05:00:00,12.138453196041416,21.40304803817486,24.0,12.0,CZ-03,False
2024-09-29 06:00:00,12.15466524059245,21.204681040903164,24.0,12.0,CZ-03,False
2024-09-29 07:00:00,12.141813429051453,21.164467297625592,24.0,12.0,CZ-03,False
2024-09-29 08:00:00,12.156458075207393,21.27616256286082,24.0,12.0,CZ-03,False
2024-09-29 09:00:00,12.153920484455254,21.2409830161344,24.0,12.0,CZ-03,False
2024-09-29 10:00:00,12.166274928168802,21.25541306933851,24.0,12.0,CZ-03,False
2024-09-29 11:00:00,12.170833174147896,21.21699887595476,24.0,12.0,CZ-03,False
2024-09-29 12:00:00,12.168154474433544,21.033515921943664,24.0,12.0,CZ-03,False
2024-09-29 13:00:00,12.19750867188293,21.283927465664423,24.0,12.0,CZ-03,False
2024-09-29 14:00:00,12.169961718613287,21.21291644173889,24.0,12.0,CZ-03,False
2024-09-29 15:00:00,12.187930805073744,21.2495013192445,24.0,12.0,CZ-03,False
2024-09-29 16:00:00,12.201986718700882,21.1050607428503,24.0,12.0,CZ-03,False
2024-09-29 17:00:00,12.195098026764027,21.06756654100903,24.0,12.0,CZ-03,False
2024-09-29 18:00:00,12.18643875560831,21.0725578864685,24.0,12.0,CZ-03,False
2024-09-29 19:00:00,12.242123094019435,21.04142829419294,24.0,12.0,CZ-03,False
2024-09-29 20:00:00,12.219539731237315,21.00593176246852,24.0,12.0,CZ-03,False
2024-09-29 21:00:00,12.22648707263456,21.037325455112814,24.0,12.0,CZ-03,False
2024-09-29 22:00:00,12.25403659005814,20.984990589241754,24.0,12.0,CZ-03,False
2024-09-29 23:00:00,12.242436207197416,20.93204241348227,24.0,12.0,CZ-03,False
2024-09-30 00:00:00,12.236683365949432,20.97787073342152,24.0,12.0,CZ-03,False
2024-09-30 01:00:00,12.2381147002438,20.99512992453318,24.0,12.0,CZ-03,False
2024-09-30 02:00:00,12.260826130755035,20.939834938210037,24.0,12.0,CZ-03,False
2024-09-30 03:00:00,12.27769036729203,20.978334943572126,24.0,12.0,CZ-03,False
2024-09-30 04:00:00,12.277009225093567,20.89035915972622,24.0,12.0,CZ-03,False
2024-09-30 05:00:00,12.267877202798738,20.940319168072065,24.0,12.0,CZ-03,False
2024-09-30 06:00:00,12.29878419413739,20.824515656053265,24.0,12.0,CZ-03,False
2024-09-30 07:00:00,12.280885904753399,20.842281803987444,24.0,12.0,CZ-03,False
2024-09-30 08:00:00,12.282050495853275,20.829874027549348,24.0,12.0,CZ-03,False
2024-09-30 09:00:00,12.287318961828596,20.745407490494333,24.0,12.0,CZ-03,False
2024-09-30 10:00:00,12.30482303947335,20.699593482726748,24.0,12.0,CZ-03,False
2024-09-30 11:00:00,12.315906889097965,20.661669778998423,24.0,12.0,CZ-03,False
2024-09-30 12:00:00,12.309800920768884,20.76554685522377,24.0,12.0,CZ-03,False
2024-09-30 13:00:00,12.308925409627559,20.643372613603265,24.0,12.0,CZ-03,False
2024-09-30 14:00:00,12.317385006967879,20.519495766677245,24.0,12.0,CZ-03,False
2024-09-30 15:00:00,12.342249349464847,20.58831680498194,24.0,12.0,CZ-03,False
2024-09-30 16:00:00,12.353665605290788,20.48748620821895,24.0,12.0,CZ-03,False
2024-09-30 17:00:00,12.328768105939242,20.504921943305003,24.0,12.0,CZ-03,False
2024-09-30 18:00:00,12.360536481096466,20.71529845078325,24.0,12.0,CZ-03,False
2024-09-30 19:00:00,12.366813460620177,20.498382770319623,24.0,12.0,CZ-03,False
2024-09-30 20:00:00,12.376342796788188,20.424858248205553,24.0,12.0,CZ-03,False
2024-09-30 21:00:00,12.384376296287707,20.45665720385963,24.0,12.0,CZ-03,False
2024-09-30 22:00:00,12.376029613194557,20.382244332180328,24.0,12.0,CZ-03,False
2024-09-30 23:00:00,12.394144223408901,20.30427729916751,24.0,12.0,CZ-03,False
